Avg Reward, Reward std, Avg Steps, Steps std, Percent Dones, Percent Exits 
-13.971497404489662, 33.259631211453275, 174.13, 66.92438344878494, 0.87, 0.13