training steps, time, steps in evaluation, accumulated reward, done, exit condition 
0, 9.5367431640625e-07, 200, -37791.713160974934, 0, 0
2000, 209.1225860118866, 200, -460800.0, 0, 0
4000, 422.20041584968567, 200, -679737.2911367699, 0, 0
6000, 641.3871929645538, 200, -679737.2911367699, 0, 0
8000, 871.1984560489655, 200, -679737.2911367699, 0, 0
