Avg Reward, Reward std, Avg Steps, Steps std, Percent Dones, Percent Exits 
-29.254331691562147, 44.66897104935052, 143.329, 89.76198950001053, 0.715, 0.285